,Player,Position,Team,Projected Points,Highest Expert Rank,Lowest Expert Rank,Expert Consensus Rank,Expert Rank Standard Deviation,Points Rank
0,Tom Brady,Quarterback,NE,20.7,1.0,4.0,1.1,0.4,1
1,Alex Smith,Quarterback,KC,19.3,2.0,19.0,4.0,2.8,2
2,Carson Wentz,Quarterback,PHI,18.1,2.0,8.0,3.4,1.3,3
3,Drew Brees,Quarterback,NO,17.7,2.0,15.0,6.5,3.0,4
4,Philip Rivers,Quarterback,LAC,17.7,1.0,11.0,3.4,1.7,4
5,Russell Wilson,Quarterback,SEA,17.6,2.0,16.0,6.9,2.6,6
6,Matthew Stafford,Quarterback,DET,17.4,3.0,17.0,8.8,3.0,7
7,Derek Carr,Quarterback,OAK,17.1,6.0,24.0,14.9,2.8,8
8,Jameis Winston,Quarterback,TB,17.0,3.0,22.0,11.3,3.0,9
9,Cam Newton,Quarterback,CAR,16.8,7.0,22.0,12.1,2.9,10
10,Matt Ryan,Quarterback,ATL,16.7,3.0,22.0,9.7,3.9,11
11,Jared Goff,Quarterback,LAR,16.5,3.0,21.0,8.3,2.8,12
12,Dak Prescott,Quarterback,DAL,16.3,4.0,19.0,11.0,3.2,13
13,Kirk Cousins,Quarterback,WAS,16.0,6.0,27.0,14.3,3.0,14
14,Case Keenum,Quarterback,MIN,15.6,6.0,26.0,15.8,3.1,15
15,Ben Roethlisberger,Quarterback,PIT,15.6,3.0,21.0,10.8,3.4,15
16,DeShone Kizer,Quarterback,CLE,15.1,10.0,30.0,20.8,3.2,17
17,Blaine Gabbert,Quarterback,ARI,15.1,12.0,28.0,23.1,2.2,17
18,Josh McCown,Quarterback,NYJ,14.8,6.0,25.0,17.1,3.6,19
19,Andy Dalton,Quarterback,CIN,14.8,6.0,27.0,20.0,4.0,19
20,Jacoby Brissett,Quarterback,IND,14.5,16.0,32.0,26.6,2.7,21
21,Jimmy Garoppolo,Quarterback,SF,14.4,6.0,21.0,17.4,2.4,22
22,Marcus Mariota,Quarterback,TEN,14.3,7.0,23.0,17.4,2.8,23
23,Eli Manning,Quarterback,NYG,14.1,16.0,33.0,26.2,3.2,24
24,Blake Bortles,Quarterback,JAC,13.8,17.0,30.0,24.1,2.2,25
25,Brett Hundley,Quarterback,GB,13.6,18.0,29.0,23.5,2.4,26
26,Tom Savage,Quarterback,HOU,13.6,9.0,32.0,27.1,3.4,26
27,Trevor Siemian,Quarterback,DEN,13.4,23.0,31.0,27.8,1.9,28
28,Jay Cutler,Quarterback,MIA,11.8,22.0,32.0,28.0,2.0,29
29,Joe Flacco,Quarterback,BAL,11.7,25.0,33.0,31.0,1.8,30
30,Tyrod Taylor,Quarterback,BUF,10.9,1.0,34.0,22.9,6.0,31
31,Mitch Trubisky,Quarterback,CHI,10.7,25.0,33.0,30.7,1.5,32
32,Nathan Peterman,Quarterback,BUF,9.0,23.0,33.0,31.7,1.6,33
33,Ryan Fitzpatrick,Quarterback,TB,0.9,,,,,34
34,Brock Osweiler,Quarterback,DEN,0.9,,,,,34
35,C.J. Beathard,Quarterback,SF,0.5,,,,,37
36,Teddy Bridgewater,Quarterback,MIN,0.5,,,,,37
37,Kevin Hogan,Quarterback,CLE,0.5,,,,,37
38,Matt Moore,Quarterback,MIA,0.3,,,,,43
39,Cody Kessler,Quarterback,CLE,0.3,,,,,43
40,Ryan Mallett,Quarterback,BAL,0.3,,,,,43
41,AJ McCarron,Quarterback,CIN,0.3,,,,,43
42,Brian Hoyer,Quarterback,NE,0.3,,,,,43
43,Drew Stanton,Quarterback,ARI,0.3,,,,,43
44,Matt Schaub,Quarterback,ATL,0.3,,,,,43
45,Mike Glennon,Quarterback,CHI,0.3,,,,,43
46,T.J. Yates,Quarterback,HOU,0.3,,,,,43
47,Bryce Petty,Quarterback,NYJ,0.2,,,,,51
48,Colt McCoy,Quarterback,WAS,0.2,,,,,51
49,EJ Manuel,Quarterback,OAK,0.2,,,,,51
50,Patrick Mahomes,Quarterback,KC,0.2,,,,,51
51,Landry Jones,Quarterback,PIT,0.2,,,,,51
52,Chase Daniel,Quarterback,NO,0.2,,,,,51
53,Austin Davis,Quarterback,SEA,0.2,,,,,51
54,Geno Smith,Quarterback,NYG,0.2,31.0,35.0,33.9,0.7,51
55,Cooper Rush,Quarterback,DAL,0.1,,,,,59
56,Nick Foles,Quarterback,PHI,0.1,,,,,59
57,Derek Anderson,Quarterback,CAR,0.1,,,,,59
58,Matt Cassel,Quarterback,TEN,0.1,,,,,59
59,Jake Rudock,Quarterback,DET,0.1,33.0,35.0,34.8,0.5,59
60,Kellen Clemens,Quarterback,LAC,0.1,,,,,59
61,Sean Mannion,Quarterback,LAR,0.1,,,,,59
62,Chad Henne,Quarterback,JAC,0.1,,,,,59
63,Scott Tolzien,Quarterback,IND,0.0,,,,,76
64,Joe Callahan,Quarterback,GB,0.0,,,,,76
65,Joe Webb,Quarterback,BUF,0.0,,,,,76
66,Nate Sudfeld,Quarterback,PHI,0.0,,,,,76
67,Josh Woodrum,Quarterback,BAL,0.0,,,,,76
68,Brandon Allen,Quarterback,LAR,0.0,,,,,76
69,David Fales,Quarterback,MIA,0.0,,,,,76
70,Taysom Hill,Quarterback,NO,0.0,,,,,76
71,Cardale Jones,Quarterback,LAC,0.0,,,,,76
72,Davis Webb,Quarterback,NYG,0.0,,,,,76
73,Connor Cook,Quarterback,OAK,0.0,,,,,76
74,Matt Barkley,Quarterback,ARI,0.0,,,,,76
75,Mark Sanchez,Quarterback,CHI,0.0,,,,,76
76,Brad Kaaya,Quarterback,DET,0.0,,,,,76
77,Taylor Heinicke,Quarterback,HOU,0.0,,,,,76
78,Alex Tanney,Quarterback,TEN,0.0,,,,,76
79,Garrett Gilbert,Quarterback,CAR,0.0,,,,,76
80,Jeff Driskel,Quarterback,CIN,0.0,,,,,76
81,Brandon Weeden,Quarterback,TEN,0.0,,,,,76
82,Sam Bradford,Quarterback,MIN,0.0,,,,,76
83,Kyle Sloter,Quarterback,MIN,0.0,,,,,76
84,Christian Hackenberg,Quarterback,NYJ,0.0,,,,,76
85,Ryan Griffin,Quarterback,TB,0.0,,,,,76
86,Joshua Dobbs,Quarterback,PIT,0.0,,,,,76
87,Jameill Showers,Quarterback,DAL,0.0,,,,,76
88,Le'Veon Bell,Running Back,PIT,17.2,1.0,4.0,1.2,0.5,1
89,Todd Gurley,Running Back,LAR,15.2,1.0,9.0,3.3,1.4,2
90,LeSean McCoy,Running Back,BUF,15.1,1.0,14.0,4.2,1.8,3
91,Melvin Gordon,Running Back,LAC,14.6,2.0,8.0,4.9,1.0,4
92,Alvin Kamara,Running Back,NO,14.5,1.0,16.0,2.6,2.2,5
93,Mark Ingram,Running Back,NO,13.5,3.0,32.0,7.3,3.5,6
94,Lamar Miller,Running Back,HOU,13.2,3.0,19.0,7.8,2.1,7
95,Leonard Fournette,Running Back,JAC,13.0,4.0,18.0,7.9,2.7,8
96,Carlos Hyde,Running Back,SF,12.4,8.0,27.0,15.3,3.3,9
97,Devonta Freeman,Running Back,ATL,12.0,5.0,18.0,10.4,2.5,10
98,Kenyan Drake,Running Back,MIA,11.9,8.0,22.0,11.4,3.0,11
99,Samaje Perine,Running Back,WAS,11.6,7.0,32.0,12.3,3.4,12
100,Dion Lewis,Running Back,NE,11.4,8.0,25.0,16.1,2.8,13
101,Kareem Hunt,Running Back,KC,11.3,3.0,26.0,12.3,4.4,14
102,Alfred Morris,Running Back,DAL,11.1,6.0,33.0,17.4,3.9,15
103,Giovani Bernard,Running Back,CIN,10.7,5.0,63.0,22.2,7.9,16
104,Jamaal Williams,Running Back,GB,10.5,7.0,28.0,15.8,3.7,17
105,Marshawn Lynch,Running Back,OAK,10.5,6.0,23.0,12.8,2.9,17
106,Christian McCaffrey,Running Back,CAR,10.2,11.0,38.0,23.1,4.1,19
107,Jordan Howard,Running Back,CHI,10.0,5.0,26.0,18.0,2.9,20
108,Rex Burkhead,Running Back,NE,10.0,6.0,29.0,15.1,3.6,20
109,Latavius Murray,Running Back,MIN,9.8,16.0,38.0,23.0,2.8,22
110,Alex Collins,Running Back,BAL,9.7,6.0,41.0,19.7,3.8,23
111,Frank Gore,Running Back,IND,9.6,17.0,38.0,24.6,4.1,24
112,Orleans Darkwa,Running Back,NYG,9.0,10.0,39.0,28.6,3.8,25
113,Derrick Henry,Running Back,TEN,8.8,20.0,39.0,27.7,3.5,26
114,DeMarco Murray,Running Back,TEN,8.7,15.0,34.0,26.0,2.9,27
115,Isaiah Crowell,Running Back,CLE,8.5,24.0,38.0,30.7,3.1,28
116,Jerick McKinnon,Running Back,MIN,7.7,21.0,37.0,28.8,3.5,29
117,C.J. Anderson,Running Back,DEN,7.7,19.0,44.0,33.5,4.2,29
118,LeGarrette Blount,Running Back,PHI,7.6,29.0,50.0,41.9,3.9,31
119,Tevin Coleman,Running Back,ATL,7.5,15.0,39.0,28.1,3.8,32
120,Matt Forte,Running Back,NYJ,7.2,20.0,46.0,36.2,3.7,33
121,Jay Ajayi,Running Back,PHI,7.1,19.0,46.0,33.1,4.3,34
122,Duke Johnson,Running Back,CLE,6.9,23.0,49.0,34.9,3.6,35
123,Mike Davis,Running Back,SEA,6.9,18.0,47.0,30.4,4.7,35
124,Ameer Abdullah,Running Back,DET,6.5,20.0,99.0,47.9,9.6,37
125,Peyton Barber,Running Back,TB,6.5,13.0,55.0,30.7,8.2,37
126,Kerwynn Williams,Running Back,ARI,6.3,20.0,54.0,36.1,5.1,39
127,Jonathan Stewart,Running Back,CAR,6.1,35.0,51.0,43.3,2.9,40
128,Bilal Powell,Running Back,NYJ,6.0,23.0,46.0,39.2,3.6,41
129,Austin Ekeler,Running Back,LAC,5.9,34.0,51.0,40.8,2.9,42
130,Devontae Booker,Running Back,DEN,5.9,30.0,65.0,45.8,4.9,42
131,Marlon Mack,Running Back,IND,5.7,36.0,55.0,46.8,4.3,44
132,Rod Smith,Running Back,DAL,5.6,27.0,54.0,42.3,4.4,45
133,Theo Riddick,Running Back,DET,5.6,29.0,48.0,38.0,3.9,45
134,Doug Martin,Running Back,TB,5.5,11.0,98.0,44.6,10.8,47
135,Aaron Jones,Running Back,GB,5.5,34.0,64.0,48.3,4.9,47
136,Danny Woodhead,Running Back,BAL,5.0,28.0,60.0,46.8,4.4,49
137,Matt Breida,Running Back,SF,4.7,47.0,63.0,57.3,4.6,50
138,Tarik Cohen,Running Back,CHI,4.5,43.0,58.0,51.0,3.2,51
139,James White,Running Back,NE,4.4,34.0,64.0,52.3,4.4,52
140,Byron Marshall,Running Back,WAS,4.4,43.0,65.0,58.0,4.2,52
141,DeAndre Washington,Running Back,OAK,4.1,52.0,71.0,64.0,5.3,54
142,Jalen Richard,Running Back,OAK,4.0,51.0,70.0,63.1,3.3,55
143,J.D. McKissic,Running Back,SEA,3.8,40.0,71.0,55.7,6.1,57
144,T.J. Yeldon,Running Back,JAC,3.8,49.0,73.0,59.5,3.8,57
145,Andre Ellington,Running Back,HOU,3.8,35.0,71.0,53.5,6.1,57
146,Travaris Cadet,Running Back,BUF,3.6,46.0,100.0,59.0,7.6,59
147,Corey Clement,Running Back,PHI,3.5,42.0,71.0,55.7,4.9,60
148,Wayne Gallman,Running Back,NYG,3.5,51.0,69.0,61.0,5.0,60
149,Charcandrick West,Running Back,KC,3.3,53.0,90.0,70.4,6.8,62
150,Jamaal Charles,Running Back,DEN,3.2,54.0,75.0,69.3,4.8,63
151,Elijah McGuire,Running Back,NYJ,3.2,50.0,71.0,61.7,4.2,63
152,Damien Williams,Running Back,MIA,3.1,57.0,101.0,69.7,8.4,65
153,D.J. Foster,Running Back,ARI,3.0,45.0,81.0,57.6,5.6,66
154,Javorius Allen,Running Back,BAL,2.9,49.0,71.0,64.9,4.3,67
155,Shane Vereen,Running Back,NYG,2.8,51.0,79.0,68.9,4.7,68
156,Charles Sims,Running Back,TB,2.6,58.0,123.0,68.7,8.0,69
157,Tion Green,Running Back,DET,2.6,37.0,105.0,53.4,10.4,69
158,Brian Hill,Running Back,CIN,2.4,49.0,86.0,75.3,8.0,71
159,Senorise Perry,Running Back,MIA,2.3,57.0,85.0,75.1,6.2,72
160,Kyle Juszczyk,Running Back,SF,2.1,57.0,85.0,75.2,6.0,73
161,Chris Ivory,Running Back,JAC,2.0,65.0,79.0,72.6,3.6,74
162,James Conner,Running Back,PIT,1.8,68.0,82.0,75.4,3.5,75
163,Lance Dunbar,Running Back,LAR,1.5,72.0,133.0,81.3,11.1,77
164,Malcolm Brown,Running Back,LAR,1.5,62.0,132.0,80.7,9.6,77
165,Matt Jones,Running Back,IND,1.5,63.0,100.0,83.7,15.4,77
166,Mike Tolbert,Running Back,BUF,1.4,66.0,85.0,77.3,5.3,79
167,Eddie Lacy,Running Back,SEA,1.3,55.0,84.0,72.7,5.4,81
168,Dwayne Washington,Running Back,DET,1.3,78.0,114.0,91.5,14.2,81
169,Jacquizz Rodgers,Running Back,TB,1.3,43.0,95.0,60.7,9.1,81
170,Benny Cunningham,Running Back,CHI,1.1,70.0,112.0,79.2,6.6,83
171,Elijhaa Penny,Running Back,ARI,0.9,67.0,94.0,81.3,7.8,84
172,Corey Grant,Running Back,JAC,0.9,63.0,109.0,80.8,7.4,84
173,Akeem Hunt,Running Back,KC,0.8,64.0,106.0,78.5,6.1,86
174,Branden Oliver,Running Back,LAC,0.8,75.0,97.0,88.7,9.7,86
175,Fozzy Whittaker,Running Back,CAR,0.7,83.0,130.0,105.0,19.3,89
176,Cameron Artis-Payne,Running Back,CAR,0.7,79.0,125.0,91.9,11.4,89
177,Jordan Todman,Running Back,HOU,0.7,70.0,104.0,85.2,10.4,89
178,Mike Gillislee,Running Back,NE,0.6,,,,,91
179,Terron Ward,Running Back,ATL,0.5,51.0,92.0,81.6,7.6,93
180,Jamize Olawale,Running Back,OAK,0.5,70.0,91.0,81.7,5.4,93
181,Zach Zenner,Running Back,DET,0.5,49.0,124.0,75.1,10.6,93
182,Wendell Smallwood,Running Back,PHI,0.5,,,,,93
183,Thomas Rawls,Running Back,SEA,0.4,66.0,108.0,79.9,6.7,98
184,Aaron Ripkowski,Running Back,GB,0.4,80.0,101.0,87.3,5.3,98
185,Paul Perkins,Running Back,NYG,0.4,67.0,93.0,83.6,6.0,98
186,Kenjon Barner,Running Back,PHI,0.4,85.0,128.0,97.0,11.3,98
187,Shane Smith,Running Back,NYG,0.4,105.0,126.0,115.5,10.5,98
188,Fitzgerald Toussaint,Running Back,PIT,0.3,,,,,106
189,Jonathan Williams,Running Back,NO,0.3,86.0,113.0,96.0,12.1,106
190,CJ Ham,Running Back,MIN,0.3,76.0,96.0,87.1,7.3,106
191,Bronson Hill,Running Back,ARI,0.3,,,,,106
192,Terrance West,Running Back,BAL,0.3,,,,,106
193,Ryan Hewitt,Running Back,CIN,0.3,,,,,106
194,Mack Brown,Running Back,MIN,0.3,,,,,106
195,David Fluellen,Running Back,TEN,0.3,,,,,106
196,Alex Armah,Running Back,CAR,0.3,,,,,106
197,Derek Watt,Running Back,LAC,0.3,78.0,99.0,93.0,6.5,106
198,Andy Janovich,Running Back,DEN,0.3,74.0,94.0,86.7,9.0,106
199,Trey Edmunds,Running Back,NO,0.2,73.0,120.0,96.5,23.5,118
200,Anthony Sherman,Running Back,KC,0.2,85.0,115.0,94.0,9.2,118
201,Patrick DiMarco,Running Back,BUF,0.2,,,,,118
202,Zach Line,Running Back,NO,0.2,,,,,118
203,Jay Prosch,Running Back,HOU,0.2,,,,,118
204,Tommy Bohanon,Running Back,JAC,0.2,90.0,104.0,95.1,4.6,118
205,Josh Ferguson,Running Back,IND,0.2,83.0,118.0,97.1,9.4,118
206,Michael Burton,Running Back,CHI,0.2,,,,,118
207,Matthew Dayes,Running Back,CLE,0.2,,,,,118
208,James Develin,Running Back,NE,0.2,75.0,94.0,84.5,9.5,118
209,Devante Mays,Running Back,GB,0.2,,,,,118
210,De'Angelo Henderson,Running Back,DEN,0.2,,,,,118
211,Dan Vitale,Running Back,CLE,0.2,,,,,118
212,Justin Davis,Running Back,LAR,0.2,,,,,118
213,Jalston Fowler,Running Back,TEN,0.1,,,,,128
214,Derrick Coleman,Running Back,ATL,0.1,,,,,128
215,LeShun Daniels,Running Back,WAS,0.1,,,,,128
216,Keith Smith,Running Back,DAL,0.1,,,,,128
217,Brandon Bolden,Running Back,NE,0.1,,,,,128
218,Andre Williams,Running Back,LAC,0.0,,,,,136
219,Joe Kerridge,Running Back,GB,0.0,,,,,136
220,Roosevelt Nix,Running Back,PIT,0.0,,,,,136
221,De'Veon Smith,Running Back,MIA,0.0,83.0,119.0,92.3,11.9,136
222,Trey Williams,Running Back,DAL,0.0,,,,,136
223,Jeremy McNichols,Running Back,SF,0.0,,,,,136
224,George Winn,Running Back,IND,0.0,,,,,136
225,Taquan Mizzell,Running Back,CHI,0.0,,,,,136
226,Terrell Watson,Running Back,PIT,0.0,,,,,136
227,John Kuhn,Running Back,NO,0.0,,,,,136
228,Tyler Gaffney,Running Back,JAC,0.0,,,,,136
229,Antonio Brown,Wide Receiver,PIT,14.4,1.0,10.0,1.3,1.1,1
230,DeAndre Hopkins,Wide Receiver,HOU,12.9,1.0,9.0,2.7,1.3,2
231,Julio Jones,Wide Receiver,ATL,12.1,1.0,20.0,6.0,2.8,3
232,Keenan Allen,Wide Receiver,LAC,11.9,1.0,9.0,3.3,1.1,4
233,A.J. Green,Wide Receiver,CIN,11.8,1.0,7.0,3.7,1.4,5
234,Brandin Cooks,Wide Receiver,NE,11.6,2.0,11.0,6.0,1.6,6
235,Tyreek Hill,Wide Receiver,KC,11.1,3.0,21.0,7.6,2.5,7
236,Michael Thomas,Wide Receiver,NO,10.8,4.0,17.0,8.8,2.3,8
237,Mike Evans,Wide Receiver,TB,10.6,3.0,21.0,11.2,2.8,9
238,Michael Crabtree,Wide Receiver,OAK,10.4,6.0,35.0,12.9,3.9,10
239,Marvin Jones,Wide Receiver,DET,10.3,6.0,25.0,13.4,2.8,11
240,Larry Fitzgerald,Wide Receiver,ARI,10.3,6.0,31.0,10.6,2.9,11
241,Adam Thielen,Wide Receiver,MIN,10.1,4.0,16.0,8.6,1.8,13
242,Alshon Jeffery,Wide Receiver,PHI,9.9,8.0,28.0,15.5,3.2,14
243,Davante Adams,Wide Receiver,GB,9.9,7.0,42.0,16.8,3.9,14
244,Robby Anderson,Wide Receiver,NYJ,9.7,8.0,45.0,20.0,4.6,16
245,Josh Gordon,Wide Receiver,CLE,9.4,3.0,51.0,16.8,5.3,17
246,Dez Bryant,Wide Receiver,DAL,9.4,10.0,36.0,14.8,3.4,17
247,Jamison Crowder,Wide Receiver,WAS,9.3,15.0,33.0,21.9,4.0,19
248,Golden Tate,Wide Receiver,DET,9.3,10.0,32.0,17.4,2.7,19
249,Devin Funchess,Wide Receiver,CAR,9.2,13.0,41.0,25.2,5.0,21
250,Jarvis Landry,Wide Receiver,MIA,9.1,11.0,36.0,21.4,3.7,23
251,Sterling Shepard,Wide Receiver,NYG,9.1,8.0,46.0,22.7,4.4,23
252,T.Y. Hilton,Wide Receiver,IND,9.1,15.0,39.0,26.1,3.9,23
253,Demaryius Thomas,Wide Receiver,DEN,8.8,9.0,39.0,29.2,3.5,25
254,Marquise Goodwin,Wide Receiver,SF,8.6,16.0,56.0,27.5,5.4,26
255,Cooper Kupp,Wide Receiver,LAR,8.3,11.0,44.0,25.8,4.7,27
256,Sammy Watkins,Wide Receiver,LAR,8.3,19.0,49.0,30.8,3.9,27
257,Marqise Lee,Wide Receiver,JAC,8.2,21.0,52.0,32.5,4.2,29
258,Jermaine Kearse,Wide Receiver,NYJ,8.0,26.0,53.0,37.7,4.4,30
259,Mohamed Sanu,Wide Receiver,ATL,7.8,20.0,45.0,33.4,4.6,31
260,Emmanuel Sanders,Wide Receiver,DEN,7.7,27.0,52.0,38.1,4.3,33
261,Doug Baldwin,Wide Receiver,SEA,7.7,15.0,42.0,22.8,3.4,33
262,Stefon Diggs,Wide Receiver,MIN,7.7,13.0,49.0,25.7,3.8,33
263,Kenny Stills,Wide Receiver,MIA,7.2,18.0,63.0,36.9,5.1,35
264,Chris Hogan,Wide Receiver,NE,7.1,7.0,149.0,40.7,20.0,36
265,Martavis Bryant,Wide Receiver,PIT,7.1,18.0,52.0,38.3,5.0,36
266,DeSean Jackson,Wide Receiver,TB,6.9,23.0,50.0,34.8,3.4,39
267,Danny Amendola,Wide Receiver,NE,6.9,29.0,67.0,50.2,6.0,39
268,Mike Wallace,Wide Receiver,BAL,6.9,19.0,59.0,40.5,6.2,39
269,Josh Doctson,Wide Receiver,WAS,6.3,25.0,61.0,43.2,4.3,41
270,Dede Westbrook,Wide Receiver,JAC,6.2,20.0,53.0,43.8,5.6,42
271,Ted Ginn,Wide Receiver,NO,6.2,20.0,48.0,34.7,4.0,42
272,Zay Jones,Wide Receiver,BUF,6.1,21.0,74.0,53.3,7.6,45
273,Nelson Agholor,Wide Receiver,PHI,6.1,26.0,55.0,37.6,4.3,45
274,Will Fuller,Wide Receiver,HOU,6.1,40.0,142.0,57.4,11.8,45
275,Amari Cooper,Wide Receiver,OAK,6.0,20.0,163.0,46.2,22.8,47
276,Rishard Matthews,Wide Receiver,TEN,6.0,19.0,92.0,43.4,8.3,47
277,Kelvin Benjamin,Wide Receiver,BUF,5.9,24.0,141.0,55.7,13.4,50
278,Jeremy Maclin,Wide Receiver,BAL,5.9,39.0,57.0,46.7,2.9,50
279,Corey Coleman,Wide Receiver,CLE,5.9,32.0,64.0,45.0,5.5,50
280,Dontrelle Inman,Wide Receiver,CHI,5.6,26.0,64.0,49.0,5.0,52
281,Paul Richardson,Wide Receiver,SEA,5.3,42.0,63.0,54.0,3.7,53
282,Jordy Nelson,Wide Receiver,GB,5.1,33.0,72.0,50.4,5.3,54
283,Devante Parker,Wide Receiver,MIA,5.0,38.0,59.0,45.6,4.5,55
284,Randall Cobb,Wide Receiver,GB,4.9,33.0,66.0,54.6,4.5,56
285,Brandon LaFell,Wide Receiver,CIN,4.9,39.0,74.0,61.4,4.6,56
286,Terrance Williams,Wide Receiver,DAL,4.8,42.0,76.0,66.6,6.0,58
287,Corey Davis,Wide Receiver,TEN,4.8,35.0,67.0,50.7,4.3,58
288,Kenny Golladay,Wide Receiver,DET,4.7,46.0,76.0,56.8,4.5,60
289,Ryan Grant,Wide Receiver,WAS,4.6,48.0,84.0,64.5,6.4,62
290,Cordarrelle Patterson,Wide Receiver,OAK,4.6,41.0,101.0,62.8,12.7,62
291,Trent Taylor,Wide Receiver,SF,4.6,42.0,82.0,58.2,5.8,62
292,J.J. Nelson,Wide Receiver,ARI,4.5,49.0,84.0,67.0,4.9,64
293,Travis Benjamin,Wide Receiver,LAC,4.5,51.0,74.0,59.5,4.4,64
294,Tyrell Williams,Wide Receiver,LAC,4.4,40.0,80.0,65.0,5.6,66
295,Albert Wilson,Wide Receiver,KC,4.3,43.0,86.0,67.9,6.6,67
296,Tyler Lockett,Wide Receiver,SEA,4.3,52.0,86.0,65.7,6.0,67
297,Torrey Smith,Wide Receiver,PHI,4.1,53.0,89.0,76.1,5.6,69
298,J.D. McKissic,Wide Receiver,SEA,4.1,,,,,69
299,Eric Decker,Wide Receiver,TEN,3.8,54.0,88.0,73.4,5.8,71
300,Seth Roberts,Wide Receiver,OAK,3.8,44.0,92.0,63.3,7.3,71
301,Jaron Brown,Wide Receiver,ARI,3.7,60.0,117.0,76.9,7.6,74
302,Roger Lewis,Wide Receiver,NYG,3.7,61.0,87.0,76.1,4.9,74
303,Taylor Gabriel,Wide Receiver,ATL,3.7,60.0,91.0,79.8,7.5,74
304,Chester Rogers,Wide Receiver,IND,3.7,50.0,97.0,77.6,11.8,74
305,Deonte Thompson,Wide Receiver,BUF,3.6,48.0,99.0,75.3,8.0,77
306,Cole Beasley,Wide Receiver,DAL,3.5,64.0,96.0,82.0,7.0,78
307,Eli Rogers,Wide Receiver,PIT,3.5,60.0,92.0,80.5,8.5,78
308,Kendall Wright,Wide Receiver,CHI,3.4,66.0,94.0,81.5,5.8,81
309,Adam Humphries,Wide Receiver,TB,3.4,69.0,100.0,88.9,7.6,81
310,Josh Reynolds,Wide Receiver,LAR,3.4,55.0,80.0,65.1,5.0,81
311,Keelan Cole,Wide Receiver,JAC,3.4,60.0,92.0,78.1,8.3,81
312,Louis Murphy,Wide Receiver,SF,3.3,51.0,102.0,80.2,8.3,84
313,Tavarres King,Wide Receiver,NYG,3.3,58.0,97.0,74.1,8.4,84
314,Robert Woods,Wide Receiver,LAR,3.1,56.0,145.0,78.2,16.8,86
315,Russell Shepard,Wide Receiver,CAR,3.0,74.0,100.0,90.0,6.5,87
316,Brandon Coleman,Wide Receiver,NO,2.9,54.0,110.0,79.4,8.2,88
317,Tavon Austin,Wide Receiver,LAR,2.8,79.0,105.0,91.1,6.0,89
318,Bennie Fowler,Wide Receiver,DEN,2.8,62.0,104.0,90.4,6.4,89
319,Demarcus Robinson,Wide Receiver,KC,2.7,79.0,101.0,91.9,5.0,91
320,Brice Butler,Wide Receiver,DAL,2.7,80.0,124.0,95.3,7.0,91
321,TJ Jones,Wide Receiver,DET,2.6,59.0,122.0,88.9,13.4,93
322,Cody Latimer,Wide Receiver,DEN,2.5,76.0,120.0,93.6,7.2,94
323,Jarius Wright,Wide Receiver,MIN,2.5,64.0,126.0,93.9,7.5,94
324,Josh Bellamy,Wide Receiver,CHI,2.4,87.0,114.0,100.0,6.6,97
325,Kendrick Bourne,Wide Receiver,SF,2.4,82.0,115.0,103.7,6.4,97
326,Johnny Holton,Wide Receiver,OAK,2.4,59.0,134.0,83.7,12.7,97
327,Chris Moore,Wide Receiver,BAL,2.3,86.0,106.0,91.4,4.2,99
328,Andre Holmes,Wide Receiver,BUF,2.3,67.0,130.0,98.7,11.5,99
329,Justin Hardy,Wide Receiver,ATL,2.2,92.0,118.0,101.8,6.8,101
330,Willie Snead,Wide Receiver,NO,2.1,63.0,111.0,90.8,8.3,103
331,Chris Godwin,Wide Receiver,TB,2.1,79.0,113.0,95.3,6.2,103
332,Tyler Boyd,Wide Receiver,CIN,2.1,90.0,118.0,97.5,5.9,103
333,Kenny Britt,Wide Receiver,CLE,2.0,80.0,130.0,96.7,10.6,106
334,Kamar Aiken,Wide Receiver,IND,2.0,89.0,125.0,111.1,12.1,106
335,Mike Williams,Wide Receiver,LAC,2.0,86.0,148.0,112.3,15.4,106
336,Laquon Treadwell,Wide Receiver,MIN,1.8,100.0,123.0,107.0,5.6,108
337,Josh Malone,Wide Receiver,CIN,1.7,98.0,126.0,110.1,6.3,110
338,Mack Hollins,Wide Receiver,PHI,1.7,101.0,132.0,110.4,6.9,110
339,Alex Erickson,Wide Receiver,CIN,1.7,91.0,121.0,104.3,7.6,110
340,Chad Hansen,Wide Receiver,NYJ,1.6,89.0,105.0,99.2,4.4,113
341,Chad Williams,Wide Receiver,ARI,1.6,107.0,123.0,114.4,4.5,113
342,Phillip Dorsett,Wide Receiver,NE,1.6,83.0,124.0,96.4,8.1,113
343,Geronimo Allison,Wide Receiver,GB,1.5,98.0,138.0,128.0,10.1,116
344,Rashard Higgins,Wide Receiver,CLE,1.5,83.0,145.0,113.2,14.9,116
345,De'Anthony Thomas,Wide Receiver,KC,1.5,104.0,142.0,121.6,9.1,116
346,Aldrick Robinson,Wide Receiver,SF,1.5,56.0,115.0,86.5,10.6,116
347,Marvin Hall,Wide Receiver,ATL,1.4,121.0,132.0,126.0,4.2,119
348,Mike Thomas,Wide Receiver,LAR,1.4,127.0,148.0,136.6,6.1,119
349,Taywan Taylor,Wide Receiver,TEN,1.2,90.0,148.0,105.9,11.7,121
350,Pharoh Cooper,Wide Receiver,LAR,1.2,106.0,141.0,120.6,7.8,121
351,Tommylee Lewis,Wide Receiver,NO,1.1,133.0,139.0,137.0,2.3,124
352,Ricardo Louis,Wide Receiver,CLE,1.1,81.0,138.0,122.0,13.4,124
353,Brandon Tate,Wide Receiver,BUF,1.1,113.0,140.0,126.9,8.8,124
354,Justin Hunter,Wide Receiver,PIT,1.1,101.0,128.0,115.7,7.3,124
355,Damiere Byrd,Wide Receiver,CAR,1.0,105.0,134.0,123.0,9.5,128
356,Darrius Heyward-Bey,Wide Receiver,PIT,1.0,100.0,139.0,125.7,12.5,128
357,Michael Floyd,Wide Receiver,MIN,1.0,102.0,152.0,118.8,11.7,128
358,Chris Thompson,Wide Receiver,HOU,0.9,92.0,124.0,107.5,11.0,130
359,Breshad Perriman,Wide Receiver,BAL,0.9,104.0,147.0,117.9,13.5,130
360,Travis Rudolph,Wide Receiver,NYG,0.8,113.0,136.0,123.0,6.8,132
361,ArDarius Stewart,Wide Receiver,NYJ,0.8,94.0,132.0,120.8,10.2,132
362,Brian Quick,Wide Receiver,WAS,0.7,118.0,130.0,123.3,5.0,134
363,Kaelin Clay,Wide Receiver,CAR,0.7,91.0,123.0,106.1,7.5,134
364,Brenton Bersin,Wide Receiver,CAR,0.6,112.0,135.0,118.5,5.7,138
365,JoJo Natson,Wide Receiver,NYJ,0.6,108.0,137.0,122.5,14.5,138
366,Markus Wheaton,Wide Receiver,CHI,0.6,125.0,149.0,131.3,6.4,138
367,Nick Williams,Wide Receiver,ATL,0.6,,,,,138
368,Kasen Williams,Wide Receiver,CLE,0.6,,,,,138
369,Michael Campanaro,Wide Receiver,BAL,0.5,114.0,138.0,128.9,6.4,143
370,Jeff Janis,Wide Receiver,GB,0.5,107.0,134.0,120.5,13.5,143
371,Sammie Coates,Wide Receiver,CLE,0.5,,,,,143
372,Victor Bolden Jr.,Wide Receiver,SF,0.5,,,,,143
373,DeAndrew White,Wide Receiver,HOU,0.5,115.0,157.0,135.8,16.3,143
374,Ryan Switzer,Wide Receiver,DAL,0.5,,,,,143
375,Leonte Carroo,Wide Receiver,MIA,0.4,,,,,152
376,Quan Bray,Wide Receiver,IND,0.4,,,,,152
377,Austin Carr,Wide Receiver,NO,0.4,,,,,152
378,Jehu Chesson,Wide Receiver,KC,0.4,,,,,152
379,Max McCaffrey,Wide Receiver,GB,0.4,,,,,152
380,Jace Billingsley,Wide Receiver,DET,0.4,,,,,152
381,Larry Pinkard,Wide Receiver,JAC,0.4,114.0,155.0,137.0,17.1,152
382,Amara Darboh,Wide Receiver,SEA,0.4,118.0,140.0,127.9,7.1,152
383,Shelton Gibson,Wide Receiver,PHI,0.4,,,,,152
384,Noah Brown,Wide Receiver,DAL,0.4,120.0,144.0,130.2,6.2,152
385,Tanner McEvoy,Wide Receiver,SEA,0.4,98.0,137.0,124.1,12.6,152
386,Reggie Davis,Wide Receiver,ATL,0.4,,,,,152
387,Cobi Hamilton,Wide Receiver,HOU,0.3,116.0,146.0,131.8,12.2,164
388,Matt Slater,Wide Receiver,NE,0.3,119.0,147.0,133.0,14.0,164
389,Brittan Golden,Wide Receiver,ARI,0.3,,,,,164
390,Brandon Reilly,Wide Receiver,BUF,0.3,,,,,164
391,Neal Sterling,Wide Receiver,NYJ,0.3,,,,,164
392,Jaelen Strong,Wide Receiver,JAC,0.3,,,,,164
393,Jaydon Mickens,Wide Receiver,JAC,0.3,136.0,150.0,142.0,5.2,164
394,Kalif Raymond,Wide Receiver,NYG,0.3,,,,,164
395,Jordan Taylor,Wide Receiver,DEN,0.3,,,,,164
396,Bryce Treggs,Wide Receiver,CLE,0.3,,,,,164
397,Tanner Gentry,Wide Receiver,CHI,0.3,,,,,164
398,Geremy Davis,Wide Receiver,LAC,0.2,,,,,172
399,Andre Roberts,Wide Receiver,ATL,0.2,,,,,172
400,Jakeem Grant,Wide Receiver,MIA,0.2,,,,,172
401,Bernard Reedy,Wide Receiver,NE,0.2,,,,,172
402,Cody Core,Wide Receiver,CIN,0.2,,,,,172
403,Trevor Davis,Wide Receiver,GB,0.1,,,,,177
404,Marcus Johnson,Wide Receiver,PHI,0.1,,,,,177
405,Eric Weems,Wide Receiver,TEN,0.1,,,,,177
406,Arrelious Benn,Wide Receiver,JAC,0.1,,,,,177
407,Isaiah McKenzie,Wide Receiver,DEN,0.1,,,,,177
408,Vince Mayle,Wide Receiver,BAL,0.0,,,,,188
409,Stacy Coley,Wide Receiver,MIN,0.0,,,,,188
410,Isaac Whitney,Wide Receiver,OAK,0.0,120.0,164.0,142.3,18.0,188
411,Rashad Greene,Wide Receiver,JAC,0.0,,,,,188
412,Darius Jennings,Wide Receiver,TEN,0.0,,,,,188
413,K.J. Brent,Wide Receiver,IND,0.0,,,,,188
414,Andy Jones,Wide Receiver,DET,0.0,,,,,188
415,Krishawn Hogan,Wide Receiver,IND,0.0,,,,,188
416,Jalin Marshall,Wide Receiver,NYJ,0.0,,,,,188
417,David Moore,Wide Receiver,SEA,0.0,,,,,188
418,Tre McBride,Wide Receiver,NYJ,0.0,,,,,188
419,Damore'ea Stringfellow,Wide Receiver,NYJ,0.0,,,,,188
420,Freddie Martino,Wide Receiver,TB,0.0,,,,,188
421,Dom Williams,Wide Receiver,PHI,0.0,,,,,188
422,Rodney Adams,Wide Receiver,MIN,0.0,,,,,188
423,Devin Lucien,Wide Receiver,HOU,0.0,,,,,188
424,Rashawn Scott,Wide Receiver,MIA,0.0,,,,,188
425,Travis Kelce,Tight End,KC,10.9,1.0,1.0,1.0,0.0,1
426,Evan Engram,Tight End,NYG,8.6,2.0,9.0,3.8,1.2,2
427,Delanie Walker,Tight End,TEN,7.9,2.0,13.0,4.4,1.4,3
428,Zach Ertz,Tight End,PHI,7.7,2.0,38.0,4.8,5.4,4
429,Jimmy Graham,Tight End,SEA,7.6,2.0,15.0,3.2,1.8,5
430,Jack Doyle,Tight End,IND,7.4,3.0,14.0,7.6,1.8,6
431,Hunter Henry,Tight End,LAC,7.3,2.0,16.0,5.7,1.8,7
432,Jared Cook,Tight End,OAK,7.2,4.0,18.0,11.5,2.5,8
433,Kyle Rudolph,Tight End,MIN,6.9,6.0,14.0,9.6,1.6,9
434,Greg Olsen,Tight End,CAR,6.7,11.0,28.0,18.7,3.0,10
435,Cameron Brate,Tight End,TB,6.5,5.0,18.0,9.7,2.9,11
436,Jason Witten,Tight End,DAL,6.5,2.0,21.0,8.7,2.2,11
437,Stephen Anderson,Tight End,HOU,6.2,6.0,22.0,12.6,2.7,13
438,Vernon Davis,Tight End,WAS,6.0,6.0,25.0,15.5,3.0,14
439,Ricky Seals-Jones,Tight End,ARI,5.2,9.0,38.0,14.4,3.2,15
440,Austin Seferian-Jenkins,Tight End,NYJ,5.1,5.0,18.0,11.7,2.2,16
441,Tyler Kroft,Tight End,CIN,4.9,12.0,22.0,17.6,1.8,17
442,Austin Hooper,Tight End,ATL,4.9,7.0,30.0,18.0,3.5,17
443,Julius Thomas,Tight End,MIA,4.8,13.0,27.0,19.9,2.4,19
444,Charles Clay,Tight End,BUF,4.6,10.0,25.0,15.7,2.3,20
445,George Kittle,Tight End,SF,4.3,17.0,35.0,27.0,3.3,21
446,Eric Ebron,Tight End,DET,4.2,8.0,30.0,21.9,2.7,22
447,David Njoku,Tight End,CLE,4.2,12.0,25.0,19.0,2.3,22
448,Benjamin Watson,Tight End,BAL,3.9,19.0,31.0,24.3,2.2,24
449,O.J. Howard,Tight End,TB,3.7,19.0,32.0,25.4,2.2,25
450,Marcedes Lewis,Tight End,JAC,3.6,21.0,34.0,28.2,3.5,26
451,Dwayne Allen,Tight End,NE,3.4,18.0,46.0,25.9,3.7,27
452,Vance McDonald,Tight End,PIT,3.0,32.0,75.0,44.5,13.0,28
453,Garrett Celek,Tight End,SF,3.0,23.0,48.0,31.2,4.0,28
454,Gerald Everett,Tight End,LAR,2.8,24.0,46.0,34.7,5.0,31
455,Tyler Higbee,Tight End,LAR,2.8,28.0,46.0,33.5,4.8,31
456,Virgil Green,Tight End,DEN,2.8,25.0,51.0,33.4,7.4,31
457,Jesse James,Tight End,PIT,2.7,19.0,41.0,28.0,3.3,33
458,Josh Hill,Tight End,NO,2.6,25.0,51.0,33.8,5.8,36
459,Antonio Gates,Tight End,LAC,2.6,26.0,40.0,32.2,3.5,36
460,Seth DeValve,Tight End,CLE,2.6,23.0,44.0,34.7,3.7,36
461,Trey Burton,Tight End,PHI,2.6,7.0,49.0,24.7,6.6,36
462,Jermaine Gresham,Tight End,ARI,2.6,25.0,57.0,37.8,5.8,36
463,Adam Shaheen,Tight End,CHI,2.4,25.0,62.0,39.1,8.0,39
464,Ed Dickson,Tight End,CAR,2.3,20.0,49.0,34.8,5.7,40
465,Darren Fells,Tight End,DET,2.3,36.0,58.0,44.6,4.9,40
466,Richard Rodgers,Tight End,GB,2.0,30.0,51.0,43.8,5.7,43
467,Austin Traylor,Tight End,DEN,2.0,27.0,45.0,33.6,4.1,43
468,Lance Kendricks,Tight End,GB,2.0,26.0,47.0,40.4,5.0,43
469,Nick O'Leary,Tight End,BUF,1.9,31.0,64.0,52.1,9.6,45
470,Demetrius Harris,Tight End,KC,1.9,43.0,57.0,51.6,3.6,45
471,Jonnu Smith,Tight End,TEN,1.8,45.0,59.0,50.5,3.9,47
472,Niles Paul,Tight End,WAS,1.7,20.0,41.0,31.8,4.9,49
473,Michael Hoomanawanui,Tight End,NO,1.7,35.0,60.0,51.3,5.9,49
474,Jacob Hollister,Tight End,NE,1.7,21.0,49.0,36.3,5.2,49
475,Dion Sims,Tight End,CHI,1.7,37.0,58.0,43.0,4.9,49
476,Jeff Heuerman,Tight End,DEN,1.6,34.0,99.0,65.3,18.3,52
477,Rhett Ellison,Tight End,NYG,1.5,57.0,69.0,61.3,3.5,53
478,Eric Tomlinson,Tight End,NYJ,1.5,46.0,61.0,51.6,4.0,53
479,Daniel Brown,Tight End,CHI,1.4,40.0,58.0,50.3,4.7,56
480,Levine Toilolo,Tight End,ATL,1.4,38.0,56.0,48.0,4.2,56
481,Nick Boyle,Tight End,BAL,1.4,41.0,56.0,51.2,4.3,56
482,MyCole Pruitt,Tight End,HOU,1.3,52.0,80.0,66.0,14.0,58
483,Anthony Fasano,Tight End,MIA,1.3,55.0,79.0,61.5,6.7,58
484,Jerell Adams,Tight End,NYG,1.2,73.0,79.0,75.3,2.6,60
485,Nick Vannett,Tight End,SEA,1.2,31.0,48.0,39.6,4.9,60
486,Luke Willson,Tight End,SEA,1.0,64.0,75.0,68.8,4.2,63
487,James O'Shaughnessy,Tight End,JAC,1.0,37.0,67.0,55.3,8.4,63
488,Logan Thomas,Tight End,BUF,1.0,60.0,81.0,66.7,6.5,63
489,Brent Celek,Tight End,PHI,0.9,27.0,78.0,55.8,12.1,65
490,Geoff Swaim,Tight End,DAL,0.8,35.0,79.0,62.8,16.6,67
491,Xavier Grimble,Tight End,PIT,0.8,51.0,77.0,65.3,5.9,67
492,A.J. Derby,Tight End,MIA,0.8,49.0,73.0,62.7,6.6,67
493,Troy Niklas,Tight End,ARI,0.7,45.0,91.0,66.6,11.7,70
494,Brandon Williams,Tight End,IND,0.7,56.0,65.0,59.2,3.2,70
495,Eric Saubert,Tight End,ATL,0.7,,,,,70
496,Jason Vander Laan,Tight End,IND,0.6,,,,,73
497,Luke Stocker,Tight End,TEN,0.6,,,,,73
498,Antony Auclair,Tight End,TB,0.6,76.0,80.0,77.3,1.9,73
499,Clive Walford,Tight End,OAK,0.6,40.0,66.0,52.6,6.6,73
500,Clark Harris,Tight End,CIN,0.5,,,,,77
501,Maxx Williams,Tight End,BAL,0.5,50.0,66.0,58.2,4.6,77
502,Sean McGrath,Tight End,LAC,0.5,70.0,83.0,76.5,6.5,77
503,Ben Koyack,Tight End,JAC,0.4,83.0,92.0,87.5,4.5,82
504,Lee Smith,Tight End,OAK,0.4,65.0,77.0,70.0,5.3,82
505,Phillip Supernaw,Tight End,TEN,0.4,67.0,77.0,70.6,3.7,82
506,Michael Roberts,Tight End,DET,0.4,71.0,87.0,76.6,5.7,82
507,Derek Carrier,Tight End,LAR,0.4,65.0,86.0,76.2,8.1,82
508,Blake Bell,Tight End,MIN,0.4,33.0,73.0,53.0,20.0,82
509,James Hanna,Tight End,DAL,0.4,68.0,88.0,77.0,6.5,82
510,C.J. Uzomah,Tight End,CIN,0.3,51.0,73.0,64.0,5.6,90
511,Matt Lengel,Tight End,CLE,0.3,80.0,97.0,88.5,8.5,90
512,Khari Lee,Tight End,BUF,0.3,,,,,90
513,Jeremy Sprinkle,Tight End,WAS,0.3,70.0,95.0,81.0,8.1,90
514,Randall Telfer,Tight End,CLE,0.3,,,,,90
515,Ifeanyi Momah,Tight End,ARI,0.3,,,,,90
516,Ben Braunecker,Tight End,CHI,0.3,,,,,90
517,Ross Travis,Tight End,IND,0.3,61.0,79.0,69.5,5.2,90
518,Neal Sterling,Tight End,NYJ,0.3,73.0,84.0,77.0,5.0,90
519,Evan Baylis,Tight End,CAR,0.2,,,,,97
520,Orson Charles,Tight End,KC,0.2,,,,,97
521,Ryan Hewitt,Tight End,CIN,0.2,,,,,97
522,Chris Manhertz,Tight End,CAR,0.2,,,,,97
523,Alan Cross,Tight End,TB,0.2,72.0,94.0,83.0,11.0,97
524,MarQueis Gray,Tight End,MIA,0.2,,,,,97
525,Logan Paulsen,Tight End,SF,0.1,,,,,101
526,Cethan Carter,Tight End,CIN,0.0,,,,,104
527,Chris Gragg,Tight End,NYJ,0.0,,,,,104
528,Jordan Leggett,Tight End,NYJ,0.0,,,,,104
529,Garrett Griffin,Tight End,NO,0.0,,,,,104
530,Will Tye,Tight End,NE,0.0,31.0,53.0,45.3,8.5,104
531,Jeff Cumberland,Tight End,LAC,0.0,,,,,104
532,Stephen Gostkowski,Kicker,NE,9.4,1.0,6.0,1.4,0.9,1
533,Greg Zuerlein,Kicker,LAR,9.0,1.0,10.0,3.3,1.8,2
534,Wil Lutz,Kicker,NO,8.9,1.0,16.0,3.6,2.5,3
535,Harrison Butker,Kicker,KC,8.6,1.0,13.0,5.1,2.2,4
536,Matt Bryant,Kicker,ATL,8.5,1.0,21.0,5.2,3.6,5
537,Travis Coons,Kicker,LAC,8.4,1.0,30.0,8.8,4.0,6
538,Matt Prater,Kicker,DET,8.0,2.0,27.0,7.6,3.5,7
539,Steven Hauschka,Kicker,BUF,7.9,4.0,24.0,14.2,3.4,8
540,Ka'imi Fairbairn,Kicker,HOU,7.8,5.0,26.0,18.0,4.4,9
541,Chris Boswell,Kicker,PIT,7.8,2.0,18.0,10.3,2.7,9
542,Justin Tucker,Kicker,BAL,7.5,2.0,26.0,9.1,5.2,11
543,Kai Forbath,Kicker,MIN,7.5,3.0,27.0,12.6,4.0,11
544,Ryan Succop,Kicker,TEN,7.4,6.0,23.0,12.5,3.2,13
545,Giorgio Tavecchio,Kicker,OAK,7.3,4.0,30.0,20.6,5.9,14
546,Dan Bailey,Kicker,DAL,7.2,1.0,31.0,10.0,4.3,15
547,Jake Elliott,Kicker,PHI,7.1,1.0,29.0,9.1,3.7,16
548,Patrick Murray,Kicker,TB,7.1,5.0,27.0,19.2,4.2,16
549,Graham Gano,Kicker,CAR,7.0,10.0,29.0,18.5,3.6,18
550,Brandon McManus,Kicker,DEN,7.0,10.0,32.0,25.2,4.6,18
551,Phil Dawson,Kicker,ARI,6.9,5.0,28.0,20.6,4.4,21
552,Robbie Gould,Kicker,SF,6.9,8.0,28.0,16.2,3.9,21
553,Chandler Catanzaro,Kicker,NYJ,6.9,4.0,29.0,21.1,5.4,21
554,Josh Lambo,Kicker,JAC,6.9,6.0,26.0,18.6,3.8,21
555,Blair Walsh,Kicker,SEA,6.7,10.0,29.0,21.9,4.5,24
556,Mason Crosby,Kicker,GB,6.6,5.0,29.0,17.0,4.7,25
557,Nick Rose,Kicker,WAS,6.5,11.0,31.0,24.3,4.6,26
558,Aldrick Rosas,Kicker,NYG,6.3,19.0,33.0,29.0,3.1,27
559,Randy Bullock,Kicker,CIN,6.3,9.0,30.0,23.3,5.2,27
560,Zane Gonzalez,Kicker,CLE,6.1,24.0,33.0,30.0,2.2,29
561,Adam Vinatieri,Kicker,IND,6.0,6.0,32.0,18.1,3.6,30
562,Cody Parkey,Kicker,MIA,5.4,15.0,32.0,29.6,3.6,31
563,Mike Nugent,Kicker,CHI,5.2,18.0,33.0,29.8,4.6,32
564,Cairo Santos,Kicker,CHI,0.0,7.0,33.0,25.8,6.5,34
565,Roberto Aguayo,Kicker,CAR,0.0,,,,,34
566,Nick Folk,Kicker,TB,0.0,,,,,34
567,Green Bay Packers,Defense & Special Teams,GB,9.3,2.0,17.0,6.8,3.1,1
568,Jacksonville Jaguars,Defense & Special Teams,JAC,9.0,1.0,10.0,2.5,1.8,2
569,New England Patriots,Defense & Special Teams,NE,8.5,1.0,16.0,2.5,2.9,3
570,Los Angeles Chargers,Defense & Special Teams,LAC,8.1,1.0,15.0,5.7,3.0,4
571,Houston Texans,Defense & Special Teams,HOU,8.0,1.0,25.0,16.1,4.6,5
572,Tennessee Titans,Defense & Special Teams,TEN,7.9,4.0,25.0,11.7,3.8,6
573,Minnesota Vikings,Defense & Special Teams,MIN,7.6,3.0,29.0,8.1,3.3,7
574,Dallas Cowboys,Defense & Special Teams,DAL,7.6,6.0,24.0,12.4,3.4,7
575,Cincinnati Bengals,Defense & Special Teams,CIN,7.5,1.0,16.0,4.7,2.6,9
576,New York Jets,Defense & Special Teams,NYJ,7.3,3.0,22.0,11.5,3.8,10
577,Buffalo Bills,Defense & Special Teams,BUF,7.1,2.0,26.0,10.0,3.3,11
578,Pittsburgh Steelers,Defense & Special Teams,PIT,7.0,1.0,23.0,4.6,3.4,12
579,Denver Broncos,Defense & Special Teams,DEN,6.8,1.0,22.0,12.0,3.7,13
580,Seattle Seahawks,Defense & Special Teams,SF,6.7,2.0,21.0,7.0,3.8,14
581,Philadelphia Eagles,Defense & Special Teams,PHI,6.6,3.0,27.0,15.1,3.9,15
582,Detroit Lions,Defense & Special Teams,DET,6.6,8.0,26.0,17.2,3.3,15
583,Los Angeles Rams,Defense & Special Teams,LAR,6.5,9.0,28.0,19.2,4.1,19
584,Tampa Bay Buccaneers,Defense & Special Teams,TB,6.5,6.0,31.0,22.2,4.5,19
585,San Francisco 49ers,Defense & Special Teams,SEA,6.5,9.0,30.0,23.6,4.0,19
586,Baltimore Ravens,Defense & Special Teams,BAL,6.5,3.0,27.0,14.4,3.6,19
587,Cleveland Browns,Defense & Special Teams,CLE,6.5,7.0,30.0,22.8,5.7,19
588,Arizona Cardinals,Defense & Special Teams,ARI,6.2,6.0,23.0,15.8,2.9,22
589,Indianapolis Colts,Defense & Special Teams,IND,6.0,8.0,31.0,20.4,5.3,23
590,Chicago Bears,Defense & Special Teams,CHI,5.8,6.0,28.0,19.3,4.5,24
591,Carolina Panthers,Defense & Special Teams,CAR,5.7,8.0,30.0,19.6,3.8,25
592,New Orleans Saints,Defense & Special Teams,NO,5.4,11.0,30.0,20.3,4.2,27
593,Washington Redskins,Defense & Special Teams,WAS,5.4,23.0,32.0,29.7,1.9,27
594,Kansas City Chiefs,Defense & Special Teams,KC,5.4,3.0,31.0,24.4,5.3,27
595,New York Giants,Defense & Special Teams,NYG,5.4,9.0,29.0,25.7,4.3,27
596,Atlanta Falcons,Defense & Special Teams,ATL,5.0,17.0,31.0,28.7,3.1,30
597,Oakland Raiders,Defense & Special Teams,OAK,4.6,15.0,32.0,28.3,3.5,31
598,Miami Dolphins,Defense & Special Teams,MIA,4.6,26.0,32.0,31.8,0.9,31
